Company Name,Industry,Business Model,Budget,Revenue,Growth Goal,Urgency,Lead Sentiment,Additional Notes,DeepSeek Priority Level
,,Unknown,,$41.67K/month,,Urgent,Neutral,"Team is overwhelmed, needs consulting on optimizing workflow.",Urgent
,Marketing,Unknown,,$25K/month,,Urgent,Neutral,"Team is stretched thin, needs operational fixes ASAP.",Urgent
,SEO,Unknown,$5K/month,,,Medium,Neutral,Looking for backend operational improvements.,Medium
,Real Estate,Unknown,$12K/month,,,Medium,Neutral,Needs consulting to scale beyond local market.,Medium
,Insurance,Unknown,$10K/month,,,Medium,Neutral,Needs help structuring sales process.,Medium
TaxPro Experts,Accounting,Unknown,$5K/month,,,Medium,Neutral,Wants to improve efficiency and lead generation.,Medium
,AI Consulting,Unknown,$10K/month,,,Medium,Neutral,Needs help structuring client acquisition process.,Medium
,eCommerce,DTC,,$50K/month,,Medium,Neutral,Looking to streamline fulfillment and increase profitability.,Medium
,Legal,Unknown,$8K/month,,,Medium,Neutral,Looking for better lead generation strategies.,Medium
,Coaching,Unknown,,$40K/month,,Medium,Neutral,Needs to systematize client fulfillment.,Medium
,Marketing,Unknown,,,,Medium,Neutral,"Struggling with client retention, needs help fixing processes.",Medium
,Franchise,Unknown,Flexible,,,Medium,Neutral,Needs a scalable hiring and management system.,Medium
,Subscription Box,Unknown,,$12K/month,,Medium,Neutral,"Struggling with churn, needs strategies to increase retention.",Medium
,SaaS,B2B,,$80K/month,,Medium,Neutral,Looking for guidance on hiring and operations.,Medium
,Fitness Coaching,Unknown,"$5,000/month",Unstable,,Medium,Neutral,Needs better lead generation.,Medium
LedgerFix,Accounting,Unknown,$7K/month,,,Medium,Neutral,"Struggling with fulfillment, looking for advice on structuring teams.",Medium
,Health & Wellness,Unknown,$7K/month,,,Medium,Neutral,Needs an audit of business model.,Medium
,Coaching,Unknown,$5K/month,,,Medium,Neutral,Exploring ways to increase revenue.,Medium
,Real Estate,Unknown,"$8,000/month",,,Medium,Neutral,Needs help with scaling operations.,Medium
,eCommerce,DTC,"$3,000/month",$16.67K/month,,Medium,Neutral,Needs better marketing systems.,Medium
ScaleUp Media,Marketing,Unknown,,$60K/month,,Medium,Neutral,Needs advice on team scaling and SOPs.,Medium
,SaaS,Unknown,$10K/month,"$20,000/month",$100K/month,Medium,Hot,Wants to scale revenue.,High
Elite Growth Media,Marketing,B2B,,$30K/month,$100K/month,Medium,Hot,Needs consulting for growth systems.,High
,eCommerce,DTC,$15K/month,,$83.33K/month,Medium,Neutral,Needs fulfillment optimization.,High
,Consulting,Unknown,$20K/month,,,Medium,Neutral,"Overwhelmed with operational inefficiencies, looking for solutions.",High
,Digital Agency,Unknown,$15K/month,,,Medium,Neutral,Needs help building a more efficient client acquisition system.,High
